Numero;Nome;Cor;OvoTipo1;OvoTipo2;Tipo1;Tipo2;Tamanho;Peso;Lendario;Mistico
1;Bulbasaur;verde;monstro;grama;grama;veneno;0.7;6.9;0;0
2;Ivysaur;verde;monstro;grama;grama;veneno;1.0;13.0;0;0
3;Venusaur;verde;monstro;grama;grama;veneno;2.0;100.0;0;0
4;Charmander;vermelho;monstro;dragao;fogo;;0.6;8.5;0;0
5;Charmeleon;vermelho;monstro;dragao;fogo;;1.1;19.0;0;0
6;Charizard;vermelho;monstro;dragao;fogo;voador;1.7;90.5;0;0
7;Squirtle;azul;monstro;agua_1;agua;;0.5;9.0;0;0
8;Wartortle;azul;monstro;agua_1;agua;;1.0;22.5;0;0
9;Blastoise;azul;monstro;agua_1;agua;;1.6;85.5;0;0
10;Caterpie;verde;inseto;;inseto;;0.3;2.9;0;0
11;Metapod;verde;inseto;;inseto;;0.7;9.9;0;0
12;Butterfree;branco;inseto;;inseto;voador;1.1;32.0;0;0
13;Weedle;marrom;inseto;;inseto;veneno;0.3;3.2;0;0
14;Kakuna;amarelo;inseto;;inseto;veneno;0.6;10.0;0;0
15;Beedrill;amarelo;inseto;;inseto;veneno;1.0;29.5;0;0
16;Pidgey;marrom;voador;;normal;voador;0.3;1.8;0;0
17;Pidgeotto;marrom;voador;;normal;voador;1.1;30.0;0;0
18;Pidgeot;marrom;voador;;normal;voador;1.5;39.5;0;0
19;Rattata;roxo;campo;;normal;;0.3;3.5;0;0
20;Raticate;marrom;campo;;normal;;0.7;18.5;0;0
21;Spearow;marrom;voador;;normal;voador;0.3;2.0;0;0
22;Fearow;marrom;voador;;normal;voador;1.2;38.0;0;0
23;Ekans;roxo;campo;dragao;veneno;;2.0;6.9;0;0
24;Arbok;roxo;campo;dragao;veneno;;3.5;65.0;0;0
25;Pikachu;amarelo;campo;fada;elétrico;;0.4;6.0;0;0
26;Raichu;amarelo;campo;fada;elétrico;;0.8;30.0;0;0
27;Sandshrew;amarelo;campo;;terra;;0.6;12.0;0;0
28;Sandslash;amarelo;campo;;terra;;1.0;29.5;0;0
29;Nidoran;azul;monstro;campo;veneno;;0.4;7.0;0;0
30;Nidorina;azul;desconhecido;;veneno;;0.8;20.0;0;0
31;Nidoqueen;azul;desconhecido;;veneno;fantasma;1.3;60.0;0;0
32;Nidoran;roxo;monstro;campo;veneno;;0.5;9.0;0;0
33;Nidorino;roxo;monstro;campo;veneno;;0.9;19.5;0;0
34;Nidoking;roxo;monstro;campo;veneno;fantasma;1.4;62.0;0;0
35;Clefairy;rosa;fada;;fada;;0.6;7.5;0;0
36;Clefable;rosa;fada;;fada;;1.3;4.0;0;0
37;Vulpix;marrom;campo;;fogo;;0.6;9.9;0;0
38;Ninetales;amarelo;campo;;fogo;;1.1;19.9;0;0
39;Jigglypuff;rosa;fada;;normal;fada;0.5;5.5;0;0
40;Wigglytuff;rosa;fada;;normal;fada;1.0;12.0;0;0
41;Zubat;roxo;voador;;veneno;voador;0.8;7.5;0;0
42;Golbat;roxo;voador;;veneno;voador;1.6;55.0;0;0
43;Oddish;azul;grama;;grama;veneno;0.5;5.4;0;0
44;Gloom;azul;grama;;grama;veneno;0.8;8.6;0;0
45;Vileplume;vermelho;grama;;grama;veneno;1.2;18.6;0;0
46;Paras;vermelho;inseto;grama;inseto;fantasma;0.3;5.4;0;0
47;Parasect;vermelho;inseto;grama;inseto;fantasma;1.0;29.5;0;0
48;Venonat;roxo;inseto;;inseto;veneno;1.0;30.0;0;0
49;Venomoth;roxo;inseto;;inseto;veneno;1.5;12.5;0;0
50;Diglett;marrom;campo;;terra;;0.2;0.8;0;0
51;Dugtrio;marrom;campo;;terra;;0.7;33.3;0;0
52;Meowth;amarelo;campo;;normal;;0.4;4.2;0;0
53;Persian;amarelo;campo;;normal;;1.0;32.0;0;0
54;Psyduck;amarelo;agua_1;campo;agua;;0.8;19.6;0;0
55;Golduck;azul;agua_1;campo;agua;;1.7;76.6;0;0
56;Mankey;marrom;campo;;lutador;;0.5;28.0;0;0
57;Primeape;marrom;campo;;lutador;;1.0;32.0;0;0
58;Growlithe;marrom;campo;;fogo;;0.7;19.0;0;0
59;Arcanine;marrom;campo;;fogo;;1.9;155.0;0;0
60;Poliwag;azul;agua_1;;agua;;0.6;12.4;0;0
61;Poliwhirl;azul;agua_1;;agua;;1.0;20.0;0;0
62;Poliwrath;azul;agua_1;;agua;lutador;1.3;54.0;0;0
63;Abra;marrom;bipedes;;psiquico;;0.9;19.5;0;0
64;Kadabra;marrom;bipedes;;psiquico;;1.3;56.5;0;0
65;Alakazam;marrom;bipedes;;psiquico;;1.5;48.0;0;0
66;Machop;cinza;bipedes;;lutador;;0.8;19.5;0;0
67;Machoke;cinza;bipedes;;lutador;;1.5;70.5;0;0
68;Machamp;cinza;bipedes;;lutador;;1.6;130.0;0;0
69;Bellsprout;verde;grama;;grama;veneno;0.7;4.0;0;0
70;Weepinbell;verde;grama;;grama;veneno;1.0;6.4;0;0
71;Victreebel;verde;grama;;grama;veneno;1.7;15.5;0;0
72;Tentacool;azul;agua_3;;agua;veneno;0.9;45.5;0;0
73;Tentacruel;azul;agua_3;;agua;veneno;1.6;55.0;0;0
74;Geodude;marrom;inorganico;;pedra;fantasma;0.4;20.0;0;0
75;Graveler;marrom;inorganico;;pedra;fantasma;1.0;105.0;0;0
76;Golem;marrom;inorganico;;pedra;fantasma;1.4;300.0;0;0
77;Ponyta;amarelo;campo;;fogo;;1.0;30.0;0;0
78;Rapidash;amarelo;campo;;fogo;;1.7;95.0;0;0
79;Slowpoke;rosa;monstro;agua_1;agua;psiquico;1.2;36.0;0;0
80;Slowbro;rosa;monstro;agua_1;agua;psiquico;1.6;78.5;0;0
81;Magnemite;cinza;inorganico;;elétrico;ferro;0.3;6.0;0;0
82;Magneton;cinza;inorganico;;elétrico;ferro;1.0;60.0;0;0
83;Farfetchd;marrom;voador;campo;normal;voador;0.8;15.0;0;0
84;Doduo;marrom;voador;;normal;voador;1.4;39.2;0;0
85;Dodrio;marrom;voador;;normal;voador;1.8;85.2;0;0
86;Seel;branco;agua_1;campo;agua;;1.1;90.0;0;0
87;Dewgong;branco;agua_1;campo;agua;gelo;1.7;120.0;0;0
88;Grimer;roxo;indeterminado;;veneno;;0.9;30.0;0;0
89;Muk;roxo;indeterminado;;veneno;;1.2;30.0;0;0
90;Shellder;roxo;agua_3;;agua;;0.3;4.0;0;0
91;Cloyster;roxo;agua_3;;agua;gelo;1.5;132.5;0;0
92;Gastly;roxo;indeterminado;;fantasma;veneno;1.3;0.1;0;0
93;Haunter;roxo;indeterminado;;fantasma;veneno;1.6;0.1;0;0
94;Gengar;roxo;indeterminado;;fantasma;veneno;1.5;40.5;0;0
95;Onix;cinza;inorganico;;pedra;fantasma;8.8;210.0;0;0
96;Drowzee;amarelo;bipedes;;psiquico;;1.0;32.4;0;0
97;Hypno;amarelo;bipedes;;psiquico;;1.6;75.6;0;0
98;Krabby;vermelho;agua_3;;agua;;0.4;6.5;0;0
99;Kingler;vermelho;agua_3;;agua;;1.3;60.0;0;0
100;Voltorb;vermelho;inorganico;;elétrico;;0.5;60.0;0;0
101;Electrode;vermelho;inorganico;;elétrico;;1.2;66.6;0;0
102;Exeggcute;rosa;grama;;grama;psiquico;0.4;2.5;0;0
103;Exeggutor;amarelo;grama;;grama;psiquico;2.0;120.0;0;0
104;Cubone;marrom;monstro;;terra;;0.4;6.5;0;0
105;Marowak;marrom;monstro;;terra;;1.0;45.0;0;0
106;Hitmonlee;marrom;bipedes;;lutador;;1.5;49.8;0;0
107;Hitmonchan;marrom;bipedes;;lutador;;1.4;50.2;0;0
108;Lickitung;rosa;monstro;;normal;;1.2;65.5;0;0
109;Koffing;roxo;indeterminado;;veneno;;0.6;1.0;0;0
110;Weezing;roxo;indeterminado;;veneno;;1.2;9.5;0;0
111;Rhyhorn;cinza;monstro;campo;terra;pedra;1.0;115.0;0;0
112;Rhydon;cinza;monstro;campo;terra;pedra;1.9;120.0;0;0
113;Chansey;rosa;fada;;normal;;1.1;34.6;0;0
114;Tangela;azul;grama;;grama;;1.0;35.0;0;0
115;Kangaskhan;marrom;monstro;;normal;;2.2;80.0;0;0
116;Horsea;azul;agua_1;dragao;agua;;0.4;8.0;0;0
117;Seadra;azul;agua_1;dragao;agua;;1.2;25.0;0;0
118;Goldeen;vermelho;agua_2;;agua;;0.6;15.0;0;0
119;Seaking;vermelho;agua_2;;agua;;1.3;39.0;0;0
120;Staryu;marrom;agua_3;;agua;;0.8;34.5;0;0
121;Starmie;roxo;agua_3;;agua;psiquico;1.1;80.0;0;0
122;Mr-Mime;rosa;bipedes;;psiquico;fada;1.3;54.5;0;0
123;Scyther;verde;inseto;;inseto;voador;1.5;56.0;0;0
124;Jynx;vermelho;bipedes;;gelo;psiquico;1.4;40.6;0;0
125;Electabuzz;amarelo;bipedes;;elétrico;;1.1;30.0;0;0
126;Magmar;vermelho;bipedes;;fogo;;1.3;44.5;0;0
127;Pinsir;marrom;inseto;;inseto;;1.5;55.0;0;0
128;Tauros;marrom;campo;;normal;;1.4;88.4;0;0
129;Magikarp;vermelho;agua_2;dragao;agua;;0.9;10.0;0;0
130;Gyarados;azul;agua_2;dragao;agua;voador;6.5;235.0;0;0
131;Lapras;azul;monstro;agua_1;agua;gelo;2.5;220.0;0;0
132;ditto;roxo;ditto;;normal;;0.3;4.0;0;0
133;Eevee;marrom;campo;;normal;;0.3;6.5;0;0
134;Vaporeon;azul;campo;;agua;;1.0;29.0;0;0
135;Jolteon;amarelo;campo;;elétrico;;0.8;24.5;0;0
136;Flareon;vermelho;campo;;fogo;;0.9;25.0;0;0
137;Porygon;rosa;inorganico;;normal;;0.8;36.5;0;0
138;Omanyte;azul;agua_1;agua_3;pedra;agua;0.4;7.5;0;0
139;Omastar;azul;agua_1;agua_3;pedra;agua;1.0;35.0;0;0
140;Kabuto;marrom;agua_1;agua_3;pedra;agua;0.5;11.5;0;0
141;Kabutops;marrom;agua_1;agua_3;pedra;agua;1.3;40.5;0;0
142;Aerodactyl;roxo;voador;;pedra;voador;1.8;59.0;0;0
143;Snorlax;preto;monstro;;normal;;2.1;460.0;0;0
144;Articuno;azul;desconhecido;;gelo;voador;1.7;55.4;1;0
145;Zapdos;amarelo;desconhecido;;elétrico;voador;1.6;52.6;1;0
146;Moltres;amarelo;desconhecido;;fogo;voador;2.0;60.0;1;0
147;Dratini;azul;agua_1;dragao;dragao;;1.8;3.3;0;0
148;Dragonair;azul;agua_1;dragao;dragao;;4.0;16.5;0;0
149;Dragonite;marrom;agua_1;dragao;dragao;voador;2.2;210.0;0;0
150;Mewtwo;roxo;desconhecido;;psiquico;;2.0;122.0;1;0
151;Mew;rosa;desconhecido;;psiquico;;0.4;4.0;0;1
152;Chikorita;verde;monstro;grama;grama;;0.9;6.4;0;0
153;Bayleef;verde;monstro;grama;grama;;1.2;15.8;0;0
154;Meganium;verde;monstro;grama;grama;;1.8;100.5;0;0
155;Cyndaquil;amarelo;campo;;fogo;;0.5;7.9;0;0
156;Quilava;amarelo;campo;;fogo;;0.9;19.0;0;0
157;Typhlosion;amarelo;campo;;fogo;;1.7;79.5;0;0
158;Totodile;azul;monstro;agua_1;agua;;0.6;9.5;0;0
159;Croconaw;azul;monstro;agua_1;agua;;1.1;25.0;0;0
160;Feraligatr;azul;monstro;agua_1;agua;;2.3;88.8;0;0
161;Sentret;marrom;campo;;normal;;0.8;6.0;0;0
162;Furret;marrom;campo;;normal;;1.8;32.5;0;0
163;Hoothoot;marrom;voador;;normal;voador;0.7;21.2;0;0
164;Noctowl;marrom;voador;;normal;voador;1.6;40.8;0;0
165;Ledyba;vermelho;inseto;;inseto;voador;1.0;10.8;0;0
166;Ledian;vermelho;inseto;;inseto;voador;1.4;35.6;0;0
167;Spinarak;verde;inseto;;inseto;veneno;0.5;8.5;0;0
168;Ariados;vermelho;inseto;;inseto;veneno;1.1;33.5;0;0
169;Crobat;roxo;voador;;veneno;voador;1.8;75.0;0;0
170;Chinchou;azul;agua_2;;agua;elétrico;0.5;12.0;0;0
171;Lanturn;azul;agua_2;;agua;elétrico;1.2;22.5;0;0
172;Pichu;amarelo;desconhecido;;elétrico;;0.3;2.0;0;0
173;Cleffa;rosa;desconhecido;;fada;;0.3;3.0;0;0
174;Igglybuff;rosa;desconhecido;;normal;fada;0.3;1.0;0;0
175;Togepi;branco;desconhecido;;fada;;0.3;1.5;0;0
176;Togetic;branco;voador;fada;fada;voador;0.6;3.2;0;0
177;Natu;verde;voador;;psiquico;voador;0.2;2.0;0;0
178;Xatu;verde;voador;;psiquico;voador;1.5;15.0;0;0
179;Mareep;branco;monstro;campo;elétrico;;0.6;7.8;0;0
180;Flaaffy;rosa;monstro;campo;elétrico;;0.8;13.3;0;0
181;Ampharos;amarelo;monstro;campo;elétrico;;1.4;61.5;0;0
182;Bellossom;verde;grama;;grama;;0.4;5.8;0;0
183;Marill;azul;agua_1;fada;agua;fada;0.4;8.5;0;0
184;Azumarill;azul;agua_1;fada;agua;fada;0.8;28.5;0;0
185;Sudowoodo;marrom;inorganico;;pedra;;1.2;38.0;0;0
186;Politoed;verde;agua_1;;agua;;1.1;33.9;0;0
187;Hoppip;rosa;fada;grama;grama;voador;0.4;0.5;0;0
188;Skiploom;verde;fada;grama;grama;voador;0.6;1.0;0;0
189;Jumpluff;azul;fada;grama;grama;voador;0.8;3.0;0;0
190;Aipom;roxo;campo;;normal;;0.8;11.5;0;0
191;Sunkern;amarelo;grama;;grama;;0.3;1.8;0;0
192;Sunflora;amarelo;grama;;grama;;0.8;8.5;0;0
193;Yanma;vermelho;inseto;;inseto;voador;1.2;38.0;0;0
194;Wooper;azul;agua_1;campo;agua;fantasma;0.4;8.5;0;0
195;Quagsire;azul;agua_1;campo;agua;fantasma;1.4;75.0;0;0
196;Espeon;roxo;campo;;psiquico;;0.9;26.5;0;0
197;Umbreon;preto;campo;;sombrio;;1.0;27.0;0;0
198;Murkrow;preto;voador;;sombrio;voador;0.5;2.1;0;0
199;Slowking;rosa;monstro;agua_1;agua;psiquico;2.0;79.5;0;0
200;Misdreavus;roxo;indeterminado;;fantasma;;0.7;1.0;0;0
201;Unown;preto;desconhecido;;psiquico;;0.5;5.0;0;0
202;Wobbuffet;azul;indeterminado;;psiquico;;1.3;28.5;0;0
203;Girafarig;amarelo;campo;;normal;psiquico;1.5;41.5;0;0
204;Pineco;cinza;inseto;;inseto;;0.6;7.2;0;0
205;Forretress;roxo;inseto;;inseto;ferro;1.2;125.8;0;0
206;Dunsparce;amarelo;campo;;normal;;1.5;14.0;0;0
207;Gligar;roxo;inseto;;terra;voador;1.1;64.8;0;0
208;Steelix;cinza;inorganico;;ferro;fantasma;9.2;400.0;0;0
209;Snubbull;rosa;campo;fada;fada;;0.6;7.8;0;0
210;Granbull;roxo;campo;fada;fada;;1.4;48.7;0;0
211;Qwilfish;cinza;agua_2;;agua;veneno;0.5;3.9;0;0
212;Scizor;vermelho;inseto;;inseto;ferro;1.8;118.0;0;0
213;Shuckle;amarelo;inseto;;inseto;pedra;0.6;20.5;0;0
214;Heracross;azul;inseto;;inseto;lutador;1.5;54.0;0;0
215;Sneasel;preto;campo;;sombrio;gelo;0.9;28.0;0;0
216;Teddiursa;marrom;campo;;normal;;0.6;8.8;0;0
217;Ursaring;marrom;campo;;normal;;1.8;125.8;0;0
218;Slugma;vermelho;indeterminado;;fogo;;0.7;35.0;0;0
219;Magcargo;vermelho;indeterminado;;fogo;pedra;0.8;55.0;0;0
220;Swinub;marrom;campo;;gelo;fantasma;0.4;6.5;0;0
221;Piloswine;marrom;campo;;gelo;fantasma;1.1;55.8;0;0
222;Corsola;rosa;agua_1;agua_3;agua;pedra;0.6;5.0;0;0
223;Remoraid;cinza;agua_1;agua_2;agua;;0.6;12.0;0;0
224;Octillery;vermelho;agua_1;agua_2;agua;;0.9;28.5;0;0
225;Delibird;vermelho;agua_1;campo;gelo;voador;0.9;16.0;0;0
226;Mantine;roxo;agua_1;;agua;voador;2.1;220.0;0;0
227;Skarmory;cinza;voador;;ferro;voador;1.7;50.5;0;0
228;Houndour;preto;campo;;sombrio;fogo;0.6;10.8;0;0
229;Houndoom;preto;campo;;sombrio;fogo;1.4;35.0;0;0
230;Kingdra;azul;agua_1;dragao;agua;dragao;1.8;152.0;0;0
231;Phanpy;azul;campo;;terra;;0.5;33.5;0;0
232;Donphan;cinza;campo;;terra;;1.1;120.0;0;0
233;Porygon2;vermelho;inorganico;;normal;;0.6;32.5;0;0
234;Stantler;marrom;campo;;normal;;1.4;71.2;0;0
235;Smeargle;branco;campo;;normal;;1.2;58.0;0;0
236;Tyrogue;roxo;desconhecido;;lutador;;0.7;21.0;0;0
237;Hitmontop;marrom;bipedes;;lutador;;1.4;48.0;0;0
238;Smoochum;rosa;desconhecido;;gelo;psiquico;0.4;6.0;0;0
239;Elekid;amarelo;desconhecido;;elétrico;;0.6;23.5;0;0
240;Magby;vermelho;desconhecido;;fogo;;0.7;21.4;0;0
241;Miltank;rosa;campo;;normal;;1.2;75.5;0;0
242;Blissey;rosa;fada;;normal;;1.5;46.8;0;0
243;Raikou;amarelo;desconhecido;;elétrico;;1.9;178.0;1;0
244;Entei;marrom;desconhecido;;fogo;;2.1;198.0;1;0
245;Suicune;azul;desconhecido;;agua;;2.0;187.0;1;0
246;Larvitar;verde;monstro;;pedra;fantasma;0.6;72.0;0;0
247;Pupitar;cinza;monstro;;pedra;fantasma;1.2;152.0;0;0
248;Tyranitar;verde;monstro;;pedra;sombrio;2.0;202.0;0;0
249;Lugia;branco;desconhecido;;psiquico;voador;5.2;216.0;1;0
250;Ho-Oh;vermelho;desconhecido;;fogo;voador;3.8;199.0;1;0
251;Celebi;verde;desconhecido;;psiquico;fantasma;0.6;5.0;0;1
252;Treecko;verde;monstro;dragao;grama;;0.5;5.0;0;0
253;Grovyle;verde;monstro;dragao;grama;;0.9;21.6;0;0
254;Sceptile;verde;monstro;dragao;grama;;1.7;52.2;0;0
255;Torchic;vermelho;campo;;fogo;;0.4;2.5;0;0
256;Combusken;vermelho;campo;;fogo;lutador;0.9;19.5;0;0
257;Blaziken;vermelho;campo;;fogo;lutador;1.9;52.0;0;0
258;Mudkip;azul;monstro;agua_1;agua;;0.4;7.6;0;0
259;Marshtomp;azul;monstro;agua_1;agua;fantasma;0.7;28.0;0;0
260;Swampert;azul;monstro;agua_1;agua;fantasma;1.5;81.9;0;0
261;Poochyena;cinza;campo;;sombrio;;0.5;13.6;0;0
262;Mightyena;cinza;campo;;sombrio;;1.0;37.0;0;0
263;Zigzagoon;marrom;campo;;normal;;0.4;17.5;0;0
264;Linoone;branco;campo;;normal;;0.5;32.5;0;0
265;Wurmple;vermelho;inseto;;inseto;;0.3;3.6;0;0
266;Silcoon;branco;inseto;;inseto;;0.6;10.0;0;0
267;Beautifly;amarelo;inseto;;inseto;voador;1.0;28.4;0;0
268;Cascoon;roxo;inseto;;inseto;;0.7;11.5;0;0
269;Dustox;verde;inseto;;inseto;veneno;1.2;31.6;0;0
270;Lotad;verde;agua_1;grama;agua;fantasma;0.5;2.6;0;0
271;Lombre;verde;agua_1;grama;agua;fantasma;1.2;32.5;0;0
272;Ludicolo;verde;agua_1;grama;agua;fantasma;1.5;55.0;0;0
273;Seedot;marrom;campo;grama;grama;;0.5;4.0;0;0
274;Nuzleaf;marrom;campo;grama;grama;sombrio;1.0;28.0;0;0
275;Shiftry;marrom;campo;grama;grama;sombrio;1.3;59.6;0;0
276;Taillow;azul;voador;;normal;voador;0.3;2.3;0;0
277;Swellow;azul;voador;;normal;voador;0.7;19.8;0;0
278;Wingull;branco;agua_1;voador;agua;voador;0.6;9.5;0;0
279;Pelipper;amarelo;agua_1;voador;agua;voador;1.2;28.0;0;0
280;Ralts;branco;indeterminado;;psiquico;fada;0.4;6.6;0;0
281;Kirlia;branco;indeterminado;;psiquico;fada;0.8;20.2;0;0
282;Gardevoir;branco;indeterminado;;psiquico;fada;1.6;48.4;0;0
283;Surskit;azul;agua_1;inseto;inseto;agua;0.5;1.7;0;0
284;Masquerain;azul;agua_1;inseto;inseto;voador;0.8;3.6;0;0
285;Shroomish;marrom;fada;grama;grama;;0.4;4.5;0;0
286;Breloom;verde;fada;grama;grama;lutador;1.2;39.2;0;0
287;Slakoth;marrom;campo;;normal;;0.8;24.0;0;0
288;Vigoroth;branco;campo;;normal;;1.4;46.5;0;0
289;Slaking;marrom;campo;;normal;;2.0;130.5;0;0
290;Nincada;cinza;inseto;;inseto;fantasma;0.5;5.5;0;0
291;Ninjask;amarelo;inseto;;inseto;voador;0.8;12.0;0;0
292;Shedinja;marrom;inorganico;;inseto;fantasma;0.8;1.2;0;0
293;Whismur;rosa;monstro;campo;normal;;0.6;16.3;0;0
294;Loudred;azul;monstro;campo;normal;;1.0;40.5;0;0
295;Exploud;azul;monstro;campo;normal;;1.5;84.0;0;0
296;Makuhita;amarelo;bipedes;;lutador;;1.0;86.4;0;0
297;Hariyama;marrom;bipedes;;lutador;;2.3;253.8;0;0
298;Azurill;azul;desconhecido;;normal;fada;0.2;2.0;0;0
299;Nosepass;cinza;inorganico;;pedra;;1.0;97.0;0;0
300;Skitty;rosa;campo;fada;normal;;0.6;11.0;0;0
301;Delcatty;roxo;campo;fada;normal;;1.1;32.6;0;0
302;Sableye;roxo;bipedes;;sombrio;fantasma;0.5;11.0;0;0
303;Mawile;preto;campo;fada;ferro;fada;0.6;11.5;0;0
304;Aron;cinza;monstro;;ferro;pedra;0.4;60.0;0;0
305;Lairon;cinza;monstro;;ferro;pedra;0.9;120.0;0;0
306;Aggron;cinza;monstro;;ferro;pedra;2.1;360.0;0;0
307;Meditite;azul;bipedes;;lutador;psiquico;0.6;11.2;0;0
308;Medicham;vermelho;bipedes;;lutador;psiquico;1.3;31.5;0;0
309;Electrike;verde;campo;;elétrico;;0.6;15.2;0;0
310;Manectric;amarelo;campo;;elétrico;;1.5;40.2;0;0
311;Plusle;amarelo;fada;;elétrico;;0.4;4.2;0;0
312;Minun;amarelo;fada;;elétrico;;0.4;4.2;0;0
313;Volbeat;cinza;inseto;bipedes;inseto;;0.7;17.7;0;0
314;Illumise;roxo;inseto;bipedes;inseto;;0.6;17.7;0;0
315;Roselia;verde;fada;grama;grama;veneno;0.3;2.0;0;0
316;Gulpin;verde;indeterminado;;veneno;;0.4;10.3;0;0
317;Swalot;roxo;indeterminado;;veneno;;1.7;80.0;0;0
318;Carvanha;vermelho;agua_2;;agua;sombrio;0.8;20.8;0;0
319;Sharpedo;azul;agua_2;;agua;sombrio;1.8;88.8;0;0
320;Wailmer;azul;campo;agua_2;agua;;2.0;130.0;0;0
321;Wailord;azul;campo;agua_2;agua;;14.5;398.0;0;0
322;Numel;amarelo;campo;;fogo;fantasma;0.7;24.0;0;0
323;Camerupt;vermelho;campo;;fogo;fantasma;1.9;220.0;0;0
324;Torkoal;marrom;campo;;fogo;;0.5;80.4;0;0
325;Spoink;preto;campo;;psiquico;;0.7;30.6;0;0
326;Grumpig;roxo;campo;;psiquico;;0.9;71.5;0;0
327;Spinda;marrom;campo;bipedes;normal;;1.1;5.0;0;0
328;Trapinch;marrom;inseto;;terra;;0.7;15.0;0;0
329;Vibrava;verde;inseto;;terra;dragao;1.1;15.3;0;0
330;Flygon;verde;inseto;;terra;dragao;2.0;82.0;0;0
331;Cacnea;verde;grama;bipedes;grama;;0.4;51.3;0;0
332;Cacturne;verde;grama;bipedes;grama;sombrio;1.3;77.4;0;0
333;Swablu;azul;voador;dragao;normal;voador;0.4;1.2;0;0
334;Altaria;azul;voador;dragao;dragao;voador;1.1;20.6;0;0
335;Zangoose;branco;campo;;normal;;1.3;40.3;0;0
336;Seviper;preto;campo;dragao;veneno;;2.7;52.5;0;0
337;Lunatone;amarelo;inorganico;;pedra;psiquico;1.0;168.0;0;0
338;Solrock;vermelho;inorganico;;pedra;psiquico;1.2;154.0;0;0
339;Barboach;cinza;agua_2;;agua;fantasma;0.4;1.9;0;0
340;Whiscash;azul;agua_2;;agua;fantasma;0.9;23.6;0;0
341;Corphish;vermelho;agua_1;agua_3;agua;;0.6;11.5;0;0
342;Crawdaunt;vermelho;agua_1;agua_3;agua;sombrio;1.1;32.8;0;0
343;Baltoy;marrom;inorganico;;terra;psiquico;0.5;21.5;0;0
344;Claydol;preto;inorganico;;terra;psiquico;1.5;108.0;0;0
345;Lileep;roxo;agua_3;;pedra;fantasma;1.0;23.8;0;0
346;Cradily;verde;agua_3;;pedra;fantasma;1.5;60.4;0;0
347;Anorith;cinza;agua_3;;pedra;inseto;0.7;12.5;0;0
348;Armaldo;cinza;agua_3;;pedra;inseto;1.5;68.2;0;0
349;Feebas;marrom;agua_1;dragao;agua;;0.6;7.4;0;0
350;Milotic;rosa;agua_1;dragao;agua;;6.2;162.0;0;0
351;Castform;branco;fada;indeterminado;normal;;0.3;0.8;0;0
352;Kecleon;verde;campo;;normal;;1.0;22.0;0;0
353;Shuppet;preto;indeterminado;;fantasma;;0.6;2.3;0;0
354;Banette;preto;indeterminado;;fantasma;;1.1;12.5;0;0
355;Duskull;preto;indeterminado;;fantasma;;0.8;15.0;0;0
356;Dusclops;preto;indeterminado;;fantasma;;1.6;30.6;0;0
357;Tropius;verde;monstro;grama;grama;voador;2.0;100.0;0;0
358;Chimecho;azul;indeterminado;;psiquico;;0.6;1.0;0;0
359;Absol;branco;campo;;sombrio;;1.2;47.0;0;0
360;Wynaut;azul;desconhecido;;psiquico;;0.6;14.0;0;0
361;Snorunt;cinza;fada;inorganico;gelo;;0.7;16.8;0;0
362;Glalie;cinza;fada;inorganico;gelo;;1.5;256.5;0;0
363;Spheal;azul;agua_1;campo;gelo;agua;0.8;39.5;0;0
364;Sealeo;azul;agua_1;campo;gelo;agua;1.1;87.6;0;0
365;Walrein;azul;agua_1;campo;gelo;agua;1.4;150.6;0;0
366;Clamperl;azul;agua_1;;agua;;0.4;52.5;0;0
367;Huntail;azul;agua_1;;agua;;1.7;27.0;0;0
368;Gorebyss;rosa;agua_1;;agua;;1.8;22.6;0;0
369;Relicanth;cinza;agua_1;agua_2;agua;pedra;1.0;23.4;0;0
370;Luvdisc;rosa;agua_2;;agua;;0.6;8.7;0;0
371;Bagon;azul;dragao;;dragao;;0.6;42.1;0;0
372;Shelgon;branco;dragao;;dragao;;1.1;110.5;0;0
373;Salamence;azul;dragao;;dragao;voador;1.5;102.6;0;0
374;Beldum;azul;inorganico;;ferro;psiquico;0.6;95.2;0;0
375;Metang;azul;inorganico;;ferro;psiquico;1.2;202.5;0;0
376;Metagross;azul;inorganico;;ferro;psiquico;1.6;550.0;0;0
377;Regirock;marrom;desconhecido;;pedra;;1.7;230.0;1;0
378;Regice;azul;desconhecido;;gelo;;1.8;175.00;1;0
379;Registeel;cinza;desconhecido;;ferro;;1.9;205.0;1;0
380;Latias;vermelho;desconhecido;;dragao;psiquico;1.4;40.0;1;0
381;Latios;azul;desconhecido;;dragao;psiquico;2.0;60.0;1;0
382;Kyogre;azul;desconhecido;;agua;;4.5;352.0;1;0
383;Groudon;vermelho;desconhecido;;terra;;3.5;950.0;1;0
384;Rayquaza;verde;desconhecido;;dragao;voador;7.0;206.5;1;0
385;Jirachi;amarelo;desconhecido;;ferro;psiquico;0.3;1.1;0;1
386;Deoxys;vermelho;desconhecido;;psiquico;;1.7;60.8;0;1
387;Turtwig;verde;monstro;grama;grama;;0.4;10.2;0;0
388;Grotle;verde;monstro;grama;grama;;1.1;97.0;0;0
389;Torterra;verde;monstro;grama;grama;fantasma;2.2;310.0;0;0
390;Chimchar;marrom;campo;bipedes;fogo;;0.5;6.2;0;0
391;Monferno;marrom;campo;bipedes;fogo;lutador;0.9;22.0;0;0
392;Infernape;marrom;campo;bipedes;fogo;lutador;1.2;55.0;0;0
393;Piplup;azul;agua_1;campo;agua;;0.4;5.2;0;0
394;Prinplup;azul;agua_1;campo;agua;;0.8;23.0;0;0
395;Empoleon;azul;agua_1;campo;agua;ferro;1.7;84.5;0;0
396;Starly;marrom;voador;;normal;voador;0.3;2.0;0;0
397;Staravia;marrom;voador;;normal;voador;0.6;15.5;0;0
398;Staraptor;marrom;voador;;normal;voador;1.2;24.9;0;0
399;Bidoof;marrom;agua_1;campo;normal;;0.5;20.0;0;0
400;Bibarel;marrom;agua_1;campo;normal;agua;1.0;31.5;0;0
401;Kricketot;vermelho;inseto;;inseto;;0.3;2.2;0;0
402;Kricketune;vermelho;inseto;;inseto;;1.0;25.5;0;0
403;Shinx;azul;campo;;elétrico;;0.5;9.5;0;0
404;Luxio;azul;campo;;elétrico;;0.9;30.5;0;0
405;Luxray;azul;campo;;elétrico;;1.4;42.0;0;0
406;Budew;verde;desconhecido;;grama;veneno;0.2;1.2;0;0
407;Roserade;verde;fada;grama;grama;veneno;0.9;14.5;0;0
408;Cranidos;azul;monstro;;pedra;;0.9;31.5;0;0
409;Rampardos;azul;monstro;;pedra;;1.6;102.5;0;0
410;Shieldon;cinza;monstro;;pedra;ferro;0.5;57.0;0;0
411;Bastiodon;cinza;monstro;;pedra;ferro;1.3;149.5;0;0
412;Burmy;cinza;inseto;;inseto;;0.2;3.4;0;0
413;Wormadam;cinza;inseto;;inseto;fantasma;0.5;6.5;0;0
414;Mothim;amarelo;inseto;;inseto;voador;0.9;23.3;0;0
415;Combee;amarelo;inseto;;inseto;voador;0.3;5.5;0;0
416;Vespiquen;amarelo;inseto;;inseto;voador;1.2;38.5;0;0
417;Pachirisu;branco;campo;fada;elétrico;;0.4;3.9;0;0
418;Buizel;marrom;agua_1;campo;agua;;0.7;29.5;0;0
419;Floatzel;marrom;agua_1;campo;agua;;1.1;33.5;0;0
420;Cherubi;rosa;fada;grama;grama;;0.4;3.3;0;0
421;Cherrim;rosa;fada;grama;grama;;0.5;9.3;0;0
422;Shellos;roxo;agua_1;indeterminado;agua;;0.3;6.3;0;0
423;Gastrodon;roxo;agua_1;indeterminado;agua;fantasma;0.9;29.9;0;0
424;Ambipom;roxo;campo;;normal;;1.2;20.3;0;0
425;Drifloon;roxo;indeterminado;;fantasma;voador;0.4;1.2;0;0
426;Drifblim;roxo;indeterminado;;fantasma;voador;1.2;15.0;0;0
427;Buneary;marrom;campo;bipedes;normal;;0.4;5.5;0;0
428;Lopunny;marrom;campo;bipedes;normal;;1.2;33.3;0;0
429;Mismagius;roxo;indeterminado;;fantasma;;0.9;4.4;0;0
430;Honchkrow;preto;voador;;sombrio;voador;0.9;27.3;0;0
431;Glameow;cinza;campo;;normal;;0.5;3.9;0;0
432;Purugly;cinza;campo;;normal;;1.0;43.8;0;0
433;Chingling;amarelo;desconhecido;;psiquico;;0.2;0.6;0;0
434;Stunky;roxo;campo;;veneno;sombrio;0.4;19.2;0;0
435;Skuntank;roxo;campo;;veneno;sombrio;1.0;38.0;0;0
436;Bronzor;verde;inorganico;;ferro;psiquico;0.5;60.5;0;0
437;Bronzong;verde;inorganico;;ferro;psiquico;1.3;187.0;0;0
438;Bonsly;marrom;desconhecido;;pedra;;0.5;15.0;0;0
439;Mime-Jr;rosa;desconhecido;;psiquico;fada;0.6;13.0;0;0
440;Happiny;rosa;desconhecido;;normal;;0.6;24.4;0;0
441;Chatot;preto;voador;;normal;voador;0.5;1.9;0;0
442;Spiritomb;roxo;indeterminado;;fantasma;sombrio;1.0;108.0;0;0
443;Gible;azul;monstro;dragao;dragao;fantasma;0.7;20.5;0;0
444;Gabite;azul;monstro;dragao;dragao;fantasma;1.4;56.0;0;0
445;Garchomp;azul;monstro;dragao;dragao;fantasma;1.9;95.0;0;0
446;Munchlax;preto;desconhecido;;normal;;0.6;105.0;0;0
447;Riolu;azul;desconhecido;;lutador;;0.7;20.2;0;0
448;Lucario;azul;campo;bipedes;lutador;ferro;1.2;54.0;0;0
449;Hippopotas;marrom;campo;;terra;;0.8;49.5;0;0
450;Hippowdon;marrom;campo;;terra;;2.0;300.0;0;0
451;Skorupi;roxo;inseto;agua_3;veneno;inseto;0.8;12.0;0;0
452;Drapion;roxo;inseto;agua_3;veneno;sombrio;1.3;61.5;0;0
453;Croagunk;azul;bipedes;;veneno;lutador;0.7;23.0;0;0
454;Toxicroak;azul;bipedes;;veneno;lutador;1.3;44.4;0;0
455;Carnivine;verde;grama;;grama;;1.4;27.0;0;0
456;Finneon;azul;agua_2;;agua;;0.4;7.0;0;0
457;Lumineon;azul;agua_2;;agua;;1.2;24.0;0;0
458;Mantyke;azul;desconhecido;;agua;voador;1.0;65.0;0;0
459;Snover;branco;monstro;grama;grama;gelo;1.0;50.5;0;0
460;Abomasnow;branco;monstro;grama;grama;gelo;2.2;135.5;0;0
461;Weavile;preto;campo;;sombrio;gelo;1.1;34.0;0;0
462;Magnezone;cinza;inorganico;;elétrico;ferro;1.2;180.0;0;0
463;Lickilicky;rosa;monstro;;normal;;1.7;140.0;0;0
464;Rhyperior;cinza;monstro;campo;terra;pedra;2.4;282.8;0;0
465;Tangrowth;azul;grama;;grama;;2.0;128.6;0;0
466;Electivire;amarelo;bipedes;;elétrico;;1.8;138.6;0;0
467;Magmortar;vermelho;bipedes;;fogo;;1.6;68.0;0;0
468;Togekiss;branco;voador;fada;fada;voador;1.5;38.0;0;0
469;Yanmega;verde;inseto;;inseto;voador;1.9;51.5;0;0
470;Leafeon;verde;campo;;grama;;1.0;25.5;0;0
471;Glaceon;azul;campo;;gelo;;0.8;25.9;0;0
472;Gliscor;roxo;inseto;;terra;voador;2.0;42.5;0;0
473;Mamoswine;marrom;campo;;gelo;fantasma;2.5;291.0;0;0
474;Porygon-Z;vermelho;inorganico;;normal;;0.9;34.0;0;0
475;Gallade;branco;indeterminado;;psiquico;lutador;1.6;52.0;0;0
476;Probopass;cinza;inorganico;;pedra;ferro;1.4;340;0;0
477;Dusknoir;preto;indeterminado;;fantasma;;2.2;106.6;0;0
478;Froslass;branco;fada;inorganico;gelo;fantasma;1.3;26.6;0;0
479;Rotom;vermelho;indeterminado;;elétrico;fantasma;0.3;0.3;0;0
480;Uxie;amarelo;desconhecido;;psiquico;;0.3;0.3;1;0
481;Mesprit;rosa;desconhecido;;psiquico;;0.3;0.3;1;0
482;Azelf;azul;desconhecido;;psiquico;;0.3;0.3;1;0
483;Dialga;branco;desconhecido;;ferro;dragao;5.4;683.0;1;0
484;Palkia;roxo;desconhecido;;agua;dragao;4.2;336.0;1;0
485;Heatran;marrom;desconhecido;;fogo;ferro;1.7;430.0;1;0
486;Regigigas;branco;desconhecido;;normal;;3.7;420.0;1;0
487;Giratina;preto;desconhecido;;fantasma;dragao;4.5;750.0;1;0
488;Cresselia;amarelo;desconhecido;;psiquico;;1.5;85.6;1;0
489;Phione;azul;agua_1;fada;agua;;0.4;3.1;0;1
490;Manaphy;azul;agua_1;fada;agua;;0.3;1.4;0;1
491;Darkrai;preto;desconhecido;;sombrio;;1.5;50.5;0;1
492;Shaymin;verde;desconhecido;;grama;;0.2;2.1;0;1
493;Arceus;cinza;desconhecido;;normal;;3.2;320.0;0;1
494;Victini;amarelo;desconhecido;;psiquico;fogo;0.4;4.0;0;1
495;Snivy;verde;campo;grama;grama;;0.6;8.1;0;0
496;Servine;verde;campo;grama;grama;;0.8;16.0;0;0
497;Serperior;verde;campo;grama;grama;;3.3;63.0;0;0
498;Tepig;vermelho;campo;;fogo;;0.5;9.9;0;0
499;Pignite;vermelho;campo;;fogo;lutador;1.0;55.5;0;0
500;Emboar;vermelho;campo;;fogo;lutador;1.6;150.0;0;0
501;Oshawott;azul;campo;;agua;;0.5;5.9;0;0
502;Dewott;azul;campo;;agua;;0.8;24.5;0;0
503;Samurott;azul;campo;;agua;;1.5;94.6;0;0
504;Patrat;marrom;campo;;normal;;0.5;11.6;0;0
505;Watchog;marrom;campo;;normal;;1.1;27.0;0;0
506;Lillipup;marrom;campo;;normal;;0.4;4.1;0;0
507;Herdier;cinza;campo;;normal;;0.9;14.7;0;0
508;Stoutland;cinza;campo;;normal;;1.2;61.0;0;0
509;Purrloin;roxo;campo;;sombrio;;0.4;10.1;0;0
510;Liepard;roxo;campo;;sombrio;;1.1;37.5;0;0
511;Pansage;verde;campo;;grama;;0.6;10.5;0;0
512;Simisage;verde;campo;;grama;;1.1;30.5;0;0
513;Pansear;vermelho;campo;;fogo;;0.6;11.0;0;0
514;Simisear;vermelho;campo;;fogo;;1.0;28.0;0;0
515;Panpour;azul;campo;;agua;;0.6;13.5;0;0
516;Simipour;azul;campo;;agua;;1.0;29.0;0;0
517;Munna;rosa;campo;;psiquico;;0.6;23.3;0;0
518;Musharna;rosa;campo;;psiquico;;1.1;60.5;0;0
519;Pidove;cinza;voador;;normal;voador;0.3;2.1;0;0
520;Tranquill;cinza;voador;;normal;voador;0.6;15.0;0;0
521;Unfezant;cinza;voador;;normal;voador;1.2;29.0;0;0
522;Blitzle;preto;campo;;elétrico;;0.8;29.8;0;0
523;Zebstrika;preto;campo;;elétrico;;1.6;79.5;0;0
524;Roggenrola;azul;inorganico;;pedra;;0.4;18.0;0;0
525;Boldore;azul;inorganico;;pedra;;0.9;102.0;0;0
526;Gigalith;azul;inorganico;;pedra;;1.7;260.0;0;0
527;Woobat;azul;campo;voador;psiquico;voador;0.4;2.1;0;0
528;Swoobat;azul;campo;voador;psiquico;voador;0.9;10.5;0;0
529;Drilbur;cinza;campo;;terra;;0.3;8.5;0;0
530;Excadrill;cinza;campo;;terra;ferro;0.7;40.4;0;0
531;Audino;rosa;fada;;normal;;1.1;31.0;0;0
532;Timburr;cinza;bipedes;;lutador;;0.6;12.5;0;0
533;Gurdurr;cinza;bipedes;;lutador;;1.2;40.0;0;0
534;Conkeldurr;cinza;bipedes;;lutador;;1.4;87.0;0;0
535;Tympole;azul;agua_1;;agua;;0.5;4.5;0;0
536;Palpitoad;azul;agua_1;;agua;fantasma;0.8;17.0;0;0
537;Seismitoad;azul;agua_1;;agua;fantasma;1.5;62.0;0;0
538;Throh;vermelho;bipedes;;lutador;;1.3;55.5;0;0
539;Sawk;azul;bipedes;;lutador;;1.4;51.0;0;0
540;Sewaddle;amarelo;inseto;;inseto;fantasma;0.3;2.5;0;0
541;Swadloon;verde;inseto;;inseto;fantasma;0.5;7.3;0;0
542;Leavanny;amarelo;inseto;;inseto;fantasma;1.2;20.5;0;0
543;Venipede;vermelho;inseto;;inseto;veneno;0.4;5.3;0;0
544;Whirlipede;cinza;inseto;;inseto;veneno;1.2;58.5;0;0
545;Scolipede;vermelho;inseto;;inseto;veneno;2.5;200.5;0;0
546;Cottonee;verde;grama;fada;grama;fada;0.3;0.6;0;0
547;Whimsicott;verde;grama;fada;grama;fada;0.7;6.6;0;0
548;Petilil;verde;grama;;grama;;0.5;6.6;0;0
549;Lilligant;verde;grama;;grama;;1.1;16.3;0;0
550;Basculin;verde;agua_2;;agua;;1.0;18.0;0;0
551;Sandile;marrom;campo;;terra;sombrio;0.7;15.2;0;0
552;Krokorok;marrom;campo;;terra;sombrio;1.0;33.4;0;0
553;Krookodile;vermelho;campo;;terra;sombrio;1.5;96.3;0;0
554;Darumaka;vermelho;campo;;fogo;;0.6;37.5;0;0
555;Darmanitan;vermelho;campo;;fogo;;1.3;92.9;0;0
556;Maractus;verde;grama;;grama;;1.0;28.0;0;0
557;Dwebble;vermelho;inseto;inorganico;inseto;pedra;0.3;14.5;0;0
558;Crustle;vermelho;inseto;inorganico;inseto;pedra;1.4;200.0;0;0
559;Scraggy;amarelo;campo;dragao;sombrio;lutador;0.6;11.8;0;0
560;Scrafty;vermelho;campo;dragao;sombrio;lutador;1.1;30.0;0;0
561;Sigilyph;preto;voador;;psiquico;voador;1.4;14.0;0;0
562;Yamask;preto;inorganico;indeterminado;fantasma;;0.5;1.5;0;0
563;Cofagrigus;amarelo;inorganico;indeterminado;fantasma;;1.7;76.5;0;0
564;Tirtouga;azul;agua_1;agua_3;agua;pedra;0.7;16.5;0;0
565;Carracosta;azul;agua_1;agua_3;agua;pedra;1.2;81.0;0;0
566;Archen;amarelo;voador;agua_3;pedra;voador;0.5;9.5;0;0
567;Archeops;amarelo;voador;agua_3;pedra;voador;1.4;32.0;0;0
568;Trubbish;verde;inorganico;;veneno;;0.6;31.0;0;0
569;Garbodor;verde;inorganico;;veneno;;1.9;107.3;0;0
570;Zorua;cinza;campo;;sombrio;;0.7;12.5;0;0
571;Zoroark;cinza;campo;;sombrio;;1.6;81.1;0;0
572;Minccino;cinza;campo;;normal;;0.4;5.8;0;0
573;Cinccino;cinza;campo;;normal;;0.5;7.5;0;0
574;Gothita;roxo;bipedes;;psiquico;;0.4;5.8;0;0
575;Gothorita;roxo;bipedes;;psiquico;;0.7;18.0;0;0
576;Gothitelle;roxo;bipedes;;psiquico;;1.5;44.0;0;0
577;Solosis;verde;indeterminado;;psiquico;;0.3;1.0;0;0
578;Duosion;verde;indeterminado;;psiquico;;0.6;8.0;0;0
579;Reuniclus;verde;indeterminado;;psiquico;;1.0;20.1;0;0
580;Ducklett;azul;agua_1;voador;agua;voador;0.5;5.5;0;0
581;Swanna;branco;agua_1;voador;agua;voador;1.3;24.2;0;0
582;Vanillite;branco;inorganico;;gelo;;0.4;5.7;0;0
583;Vanillish;branco;inorganico;;gelo;;1.1;41.0;0;0
584;Vanilluxe;branco;inorganico;;gelo;;1.3;57.5;0;0
585;Deerling;amarelo;campo;;normal;fantasma;0.6;19.5;0;0
586;Sawsbuck;marrom;campo;;normal;fantasma;1.9;92.5;0;0
587;Emolga;branco;campo;;elétrico;voador;0.4;5.0;0;0
588;Karrablast;azul;inseto;;inseto;;0.5;5.9;0;0
589;Escavalier;cinza;inseto;;inseto;ferro;1.0;33.0;0;0
590;Foongus;branco;grama;;grama;veneno;0.2;1.0;0;0
591;Amoonguss;cinza;grama;;grama;veneno;0.6;10.5;0;0
592;Frillish;branco;indeterminado;;agua;fantasma;1.2;33.0;0;0
593;Jellicent;branco;indeterminado;;agua;fantasma;2.2;135.0;0;0
594;Alomomola;rosa;agua_1;agua_2;agua;;1.2;31.6;0;0
595;Joltik;amarelo;inseto;;inseto;elétrico;0.1;0.6;0;0
596;Galvantula;amarelo;inseto;;inseto;elétrico;0.8;14.3;0;0
597;Ferroseed;cinza;grama;inorganico;grama;ferro;0.6;18.8;0;0
598;Ferrothorn;cinza;grama;inorganico;grama;ferro;1.0;110.0;0;0
599;Klink;cinza;inorganico;;ferro;;0.3;21.0;0;0
600;Klang;cinza;inorganico;;ferro;;0.6;51.0;0;0
601;Klinklang;cinza;inorganico;;ferro;;0.6;81.0;0;0
602;Tynamo;branco;indeterminado;;elétrico;;0.2;0.3;0;0
603;Eelektrik;azul;indeterminado;;elétrico;;1.2;22.0;0;0
604;Eelektross;azul;indeterminado;;elétrico;;2.1;80.5;0;0
605;Elgyem;cinza;bipedes;;psiquico;;0.5;9.0;0;0
606;Beheeyem;marrom;bipedes;;psiquico;;1.0;34.5;0;0
607;Litwick;branco;indeterminado;;fantasma;fogo;0.3;3.1;0;0
608;Lampent;preto;indeterminado;;fantasma;fogo;0.6;13.0;0;0
609;Chandelure;preto;indeterminado;;fantasma;fogo;1.0;34.3;0;0
610;Axew;verde;monster;dragao;dragao;;0.6;18.0;0;0
611;Fraxure;verde;monster;dragao;dragao;;1.0;36.0;0;0
612;Haxorus;amarelo;monstro;dragao;dragao;;1.8;105.5;0;0
613;Cubchoo;azul;campo;;gelo;;0.5;8.5;0;0
614;Beartic;branco;campo;;gelo;;2.6;260.0;0;0
615;Cryogonal;azul;inorganico;;gelo;;1.1;148.0;0;0
616;Shelmet;vermelho;inseto;;inseto;;0.4;7.7;0;0
617;Accelgor;vermelho;inseto;;inseto;;0.8;25.3;0;0
618;Stunfisk;marrom;agua_1;indeterminado;terra;elétrico;0.7;11.0;0;0
619;Mienfoo;amarelo;campo;bipedes;lutador;;0.9;20.0;0;0
620;Mienshao;roxo;campo;bipedes;lutador;;1.4;35.5;0;0
621;Druddigon;vermelho;dragao;monstro;dragao;;1.6;139.0;0;0
622;Golett;verde;inorganico;;terra;fantasma;1.0;92.0;0;0
623;Golurk;verde;inorganico;;terra;fantasma;2.8;330.0;0;0
624;Pawniard;vermelho;bipedes;;sombrio;ferro;0.5;10.2;0;0
625;Bisharp;vermelho;bipedes;;sombrio;ferro;1.6;70.0;0;0
626;Bouffalant;marrom;campo;;normal;;1.6;94.6;0;0
627;Rufflet;branco;voador;;normal;voador;0.5;10.5;0;0
628;Braviary;vermelho;voador;;normal;voador;1.5;41.0;0;0
629;Vullaby;marrom;voador;;sombrio;voador;0.5;9.0;0;0
630;Mandibuzz;marrom;voador;;sombrio;voador;1.2;39.5;0;0
631;Heatmor;vermelho;campo;;fogo;;1.4;58.0;0;0
632;Durant;cinza;inseto;;inseto;ferro;0.3;33.0;0;0
633;Deino;azul;dragao;;sombrio;dragao;0.8;17.3;0;0
634;Zweilous;azul;dragao;;sombrio;dragao;1.4;50.0;0;0
635;Hydreigon;azul;dragao;;sombrio;dragao;1.8;160.0;0;0
636;Larvesta;branco;inseto;;inseto;fogo;1.1;28.8;0;0
637;Volcarona;branco;inseto;;inseto;fogo;1.6;46.0;0;0
638;Cobalion;azul;desconhecido;;ferro;lutador;2.1;250.0;1;0
639;Terrakion;cinza;desconhecido;;pedra;lutador;1.9;260.0;1;0
640;Virizion;verde;desconhecido;;grama;lutador;2.0;200.0;1;0
641;Tornadus;verde;desconhecido;;voador;;1.5;63.0;1;0
642;Thundurus;azul;desconhecido;;elétrico;voador;1.5;61.0;1;0
643;Reshiram;branco;desconhecido;;dragao;fogo;3.2;330.0;1;0
644;Zekrom;preto;desconhecido;;dragao;elétrico;2.9;345;1;0
645;Landorus;marrom;desconhecido;;terra;voador;1.5;68.0;1;0
646;Kyurem;cinza;desconhecido;;dragao;gelo;3.0;325.0;1;0
647;Keldeo;amarelo;desconhecido;;agua;lutador;1.4;48.5;0;1
648;Meloetta;branco;desconhecido;;normal;psiquico;0.6;6.5;0;1
649;Genesect;roxo;desconhecido;;inseto;ferro;1.5;82.5;0;1
650;Chespin;verde;campo;;grama;;0.4;9.0;0;0
651;Quilladin;verde;campo;;grama;;0.7;29.0;0;0
652;Chesnaught;verde;campo;;grama;lutador;1.6;90.0;0;0
653;Fennekin;vermelho;campo;;fogo;;0.4;9.4;0;0
654;Braixen;vermelho;campo;;fogo;;1.0;14.5;0;0
655;Delphox;vermelho;campo;;fogo;psiquico;1.5;39.0;0;0
656;Froakie;azul;agua_1;;agua;;0.3;7.0;0;0
657;Frogadier;azul;agua_1;;agua;;0.6;10.9;0;0
658;Greninja;azul;agua_1;;agua;sombrio;1.5;40.0;0;0
659;Bunnelby;marrom;campo;;normal;;0.4;5.0;0;0
660;Diggersby;marrom;campo;;normal;fantasma;1.0;42.4;0;0
661;Fletchling;vermelho;voador;;normal;voador;0.3;1.7;0;0
662;Fletchinder;vermelho;voador;;fogo;voador;0.7;16.0;0;0
663;Talonflame;vermelho;voador;;fogo;voador;1.2;24.5;0;0
664;Scatterinseto;preto;inseto;;inseto;;0.3;2.5;0;0
665;Spewpa;preto;inseto;;inseto;;0.3;8.4;0;0
666;Vivillon;preto;inseto;;inseto;voador;1.2;17.0;0;0
667;Litleo;marrom;campo;;fogo;normal;0.6;13.5;0;0
668;Pyroar;marrom;campo;;fogo;normal;1.5;81.5;0;0
669;Flabebe;branco;fada;;fada;;0.1;0.1;0;0
670;Floette;branco;fada;;fada;;0.2;0.9;0;0
671;Florges;branco;fada;;fada;;1.1;10.0;0;0
672;Skiddo;marrom;campo;;grama;;0.9;31.0;0;0
673;Gogoat;marrom;campo;;grama;;1.7;91.0;0;0
674;Pancham;branco;campo;bipedes;lutador;;0.6;8.0;0;0
675;Pangoro;branco;campo;bipedes;lutador;sombrio;2.1;136.0;0;0
676;Furfrou;branco;campo;;normal;;1.2;28.0;0;0
677;Espurr;cinza;campo;;psiquico;;0.3;3.5;0;0
678;Meowstic;branco;campo;;psiquico;;0.6;8.5;0;0
679;Honedge;marrom;inorganico;;ferro;fantasma;0.8;2.0;0;0
680;Doublade;marrom;inorganico;;ferro;fantasma;0.8;4.5;0;0
681;Aegislash;marrom;inorganico;;ferro;fantasma;1.7;53.0;0;0
682;Spritzee;rosa;fada;;fada;;0.2;0.5;0;0
683;Aromatisse;rosa;fada;;fada;;0.8;15.5;0;0
684;Swirlix;branco;fada;;fada;;0.4;3.5;0;0
685;Slurpuff;branco;fada;;fada;;0.8;5.0;0;0
686;Inkay;azul;agua_1;agua_2;sombrio;psiquico;0.4;3.5;0;0
687;Malamar;azul;agua_1;agua_2;sombrio;psiquico;1.5;47.0;0;0
688;Binacle;marrom;agua_3;;pedra;agua;0.5;31.0;0;0
689;Barbaracle;marrom;agua_3;;pedra;agua;1.3;96.0;0;0
690;Skrelp;marrom;agua_1;dragao;veneno;agua;0.5;7.3;0;0
691;Dragalge;marrom;agua_1;dragao;veneno;dragao;1.8;81.5;0;0
692;Clauncher;azul;agua_1;agua_3;agua;;0.5;8.3;0;0
693;Clawitzer;azul;agua_1;agua_3;agua;;1.3;35.3;0;0
694;Helioptile;amarelo;monstro;dragao;elétrico;normal;0.5;6.0;0;0
695;Heliolisk;amarelo;monstro;dragao;elétrico;normal;1.0;21.0;0;0
696;Tyrunt;marrom;monstro;dragao;pedra;dragao;0.8;26.0;0;0
697;Tyrantrum;vermelho;monstro;dragao;pedra;dragao;2.5;270.0;0;0
698;Amaura;azul;monstro;;pedra;gelo;1.3;25.2;0;0
699;Aurorus;azul;monstro;;pedra;gelo;2.7;225.0;0;0
700;Sylveon;rosa;campo;;fada;;1.0;23.5;0;0
701;Hawlucha;verde;bipedes;;lutador;voador;0.8;21.5;0;0
702;Dedenne;amarelo;campo;fada;elétrico;fada;0.2;2.2;0;0
703;Carbink;cinza;fada;inorganico;pedra;fada;0.3;5.7;0;0
704;Goomy;roxo;dragao;;dragao;;0.3;2.8;0;0
705;Sliggoo;roxo;dragao;;dragao;;0.8;17.5;0;0
706;Goodra;roxo;dragao;;dragao;;2.0;150.5;0;0
707;Klefki;cinza;inorganico;;ferro;fada;0.2;3.0;0;0
708;Phantump;marrom;grama;indeterminado;fantasma;fantasma;0.4;7.0;0;0
709;Trevenant;marrom;grama;indeterminado;fantasma;fantasma;1.5;71.0;0;0
710;Pumpkaboo;marrom;indeterminado;;fantasma;fantasma;0.4;5.0;0;0
711;Gourgeist;marrom;indeterminado;;fantasma;fantasma;0.9;12.5;0;0
712;Bergmite;azul;monstro;;gelo;;1.0;99.5;0;0
713;Avalugg;azul;monstro;;gelo;;2.0;505.0;0;0
714;Noibat;roxo;voador;;voador;dragao;0.5;8.0;0;0
715;Noivern;roxo;voador;;voador;dragao;1.5;85.0;0;0
716;Xerneas;azul;desconhecido;;fada;;3.0;215.0;1;0
717;Yveltal;vermelho;desconhecido;;sombrio;voador;5.8;203.0;1;0
718;Zygarde;verde;desconhecido;;dragao;fantasma;5.0;305.0;1;0
719;Diancie;rosa;desconhecido;;pedra;fada;0.7;8.8;0;1
720;Hoopa;roxo;desconhecido;;psiquico;fantasma;0.5;9.0;0;1
721;Volcanion;marrom;desconhecido;;fogo;agua;1.7;195.0;0;1
